<beans xmlns="http://www.springframework.org/schema/beans"
 	xmlns:mvc="http://www.springframework.org/schema/mvc"
	xmlns:xsi="http://www.w3.org/2001/XMLSchema-instance" xmlns:context="http://www.springframework.org/schema/context"
	xsi:schemaLocation="http://www.springframework.org/schema/beans
	http://www.springframework.org/schema/beans/spring-beans.xsd
	http://www.springframework.org/schema/context
	http://www.springframework.org/schema/context/spring-context.xsd
	 http://www.springframework.org/schema/mvc
        http://www.springframework.org/schema/mvc/spring-mvc.xsd">

	<mvc:annotation-driven></mvc:annotation-driven>

	<mvc:view-controller path="/pr" view-name="profile"/>
	<!-- <mvc:view-controller path="/" view-name="index"/> -->
	<context:component-scan base-package="com.cts.pms"></context:component-scan>
	<bean id="productDao" class="com.cts.pms.dao.ProductDao">
	<property name="dataSource" ref="ds"></property>
	</bean>
	<bean id="ds" class="org.apache.commons.dbcp.BasicDataSource">
		<property name="driverClassName"
			value="com.mysql.cj.jdbc.Driver" />
		<!-- value="com.mysql.jdbc.Driver" /> -->
		<property name="url" value="jdbc:mysql://localhost:3306/project" />
		<property name="username" value="root" />
		<property name="password" value="pass" />
		<property name="initialSize" value="2" />
		<property name="maxActive" value="5" />
	</bean>
	
	<bean id="viewResolver"
		class="org.springframework.web.servlet.view.InternalResourceViewResolver">
		<property name="prefix">
			<value>/WEB-INF/jsp/</value>
		</property>
		<property name="suffix">
			<value>.jsp</value>
		</property>
	</bean>



</beans>

