<beans xmlns="http://www.springframework.org/schema/beans"
	xmlns:xsi="http://www.w3.org/2001/XMLSchema-instance" xmlns:context="http://www.springframework.org/schema/context"
	xsi:schemaLocation="http://www.springframework.org/schema/beans
	http://www.springframework.org/schema/beans/spring-beans.xsd
	http://www.springframework.org/schema/context
	http://www.springframework.org/schema/context/spring-context.xsd">

	<bean id="product" class="com.cts.pms.ProductModule_1.Product"></bean>
	<bean id="product1" class="com.cts.pms.ProductModule_1.Product">
		<property name="prodId">
			<value>1009</value>
		</property>
		<property name="prodName" value="Tv"></property>
		<property name="quantity" value="19"></property>
		<property name="price" value="3456.78"></property>
	</bean>
	<!-- <bean id="product3" class="com.cts.pms.ProductModule_1.Product">
		<constructor-arg value="1001"></constructor-arg>
		<constructor-arg value="tv"></constructor-arg>
		<constructor-arg value="7"></constructor-arg>
		<constructor-arg value="4567.8"></constructor-arg>
	</bean> -->
<!-- index, type have multiple constructors -->
</beans>




