<?xml version='1.0' encoding='UTF-8'?>
<!DOCTYPE hibernate-configuration PUBLIC
"-//Hibernate/Hibernate Configuration DTD 3.0//EN"
"http://hibernate.sourceforge.net/hibernate-configuration-3.0.dtd">

<hibernate-configuration>
<session-factory>

<!-- Related to the connection START -->
<property name="connection.driver_class">com.mysql.jdbc.Driver
</property>
<property name="connection.url">jdbc:mysql://localhost:3306/mydb</property>
<property name="connection.user">root</property>
<property name="connection.password">root</property>
<!-- Related to the connection END -->

<!-- Related to hibernate properties START -->
<property name="show_sql">true</property>
<property name="dialet">org.hibernate.dialect.MySQL8Dialect</property>
<property name="hbm2ddl.auto">create</property>
<!-- Related to hibernate properties END -->

<!-- Related to mapping START -->
<!-- <mapping resource="product.hbm.xml" /> -->
<!-- Related to the mapping END -->
<mapping class="com.hibernate.HibDemo1_p1.Product"/>
</session-factory>
</hibernate-configuration>